timestamp,input_text,endpoint,summary,keywords,unique_terms,sentiment_label,sentiment_score,text_length,word_count
2025-11-25 14:17:52,The interactive group project really helped solidify the concepts; it was an engaging way to learn the material,/analyze-all,The interactive group project really helped solidify the concepts;...,"interactive, group, project, really, helped, solidify, concepts, engaging, way, learn",11,POSITIVE,0.5636697327759944,111,18
2025-11-25 14:18:08,"Your detailed explanations on the complex topic made it much easier to understand, especially the real-world examples you provided.",/analyze-all,"Your detailed explanations on the complex topic made it much easier to understand, especially the real-world examples you provided.","detailed, explanations, complex, topic, easier, understand, especially, real, world, examples",11,POSITIVE,0.5735748130212674,131,19
2025-11-25 14:18:26,"The lectures often move too quickly through important details, making it difficult to take thorough notes and fully grasp the ideas.",/analyze-all,"The lectures often move too quickly through important details, making it difficult to take thorough notes and fully grasp the ideas.","lectures, move, quickly, through, important, details, making, difficult, take, thorough",14,NEGATIVE,0.5274664262144512,132,21
2025-11-25 14:18:47,"It would be helpful if the assignment instructions were clearer, as I was unsure exactly what was expected for the final submission",/analyze-all,"It would be helpful if the assignment instructions were clearer,...","helpful, assignment, instructions, clearer, unsure, exactly, expected, final, submission",9,POSITIVE,0.5653090356210213,131,22
2025-11-25 14:19:08,"""The lectures were clear and engaging. The instructor provided helpful feedback.""",/analyze-all,"""The lectures were clear and engaging. The instructor provided helpful feedback.""","lectures, clear, engaging, instructor, provided, helpful, feedback",7,POSITIVE,0.6037397878732224,81,11
2025-11-25 14:19:26,Assignments were confusing and the grading criteria were unclear.,/analyze-all,Assignments were confusing and the grading criteria were unclear.,"assignments, confusing, grading, criteria, unclear",5,NEGATIVE,0.4622867831510614,65,9
2025-11-25 14:19:46,I appreciated the practical labs; they reinforced the theory well.,/analyze-all,I appreciated the practical labs; they reinforced the theory well.,"appreciated, practical, labs, reinforced, theory",5,POSITIVE,0.5676051197849546,66,10
2025-11-25 14:20:07,I learned a lot and the materials were well-structured.,/analyze-all,I learned a lot and the materials were well-structured.,"learned, lot, materials, structured",4,POSITIVE,0.5644894581133797,55,9
2025-11-25 14:20:48,"The online discussion board was poorly organized, and it was difficult to find posts.",/analyze-all,"The online discussion board was poorly organized, and it was difficult to find posts.","online, discussion, board, poorly, organized, difficult, find, posts",8,NEGATIVE,0.49878095914260473,85,14
